<?xml version='1.0' encoding='euc-kr' standalone='yes' ?>
<toc version=1.0>
<tocitem text="Ant Programmer" image="toplevelfolder">

   <tocitem text="Introduction to Ant Programmer" target="intro.intro"/>
   <tocitem text="Using the Ant Programmer" target="start.main">
   	<tocitem text="Starting The Ant Programmer" target="start.start"/>
	<tocitem text="Project Management with Ant Programmer" target="start.prjman"/>
	<tocitem text="File Editing with Ant Programmer" target="start.edit"/>
	<tocitem text="Menu Items of The Ant Programmer" target="start.menu"/>
	<tocitem text="Icon Items of The Ant Programmer" target="start.icon"/>
   </tocitem>

   <tocitem text="Special Features of the Ant Programmer" target="func.main">
   	<tocitem text="Syntax Coloring And Select Font" target="func.color"/>
	<tocitem text="Class Designer And Auto Code Generation" target="func.cdesigner"/>
	<tocitem text="Code Insight" target="func.insight"/>
	<tocitem text="Package Browse" target="func.pbrowse"/>
	<tocitem text="Context Sensitive Help in JDK for current Cursor" target="func.cshelp"/>
	<tocitem text="Compile And Running" target="func.build"/>
	<tocitem text="Source Browse in JDK for current Cursor" target="func.srcbrowse"/>
	<tocitem text="Code Beautifier(Auto Indentation)" target="func.beauty"/>
   </tocitem>

   <tocitem text="Set Path Property" target="prop.path"/>
   
   <tocitem text="Set IDE Option" target="prop.option"/>

</tocitem>
</toc>
